"RK",TIERS,"PLAYER NAME",TEAM,"POS","BYE WEEK","UPSIDE ","BUST ","SOS SEASON","ECR VS. ADP"
"1",1,"Ja'Marr Chase",CIN,"WR1","6","5 out of 5","1 out of 5","4 out of 5 stars","+2"
"2",1,"Puka Nacua",LAR,"WR2","11","5 out of 5","2 out of 5","1 out of 5 stars","+2"
"3",1,"Jahmyr Gibbs",DET,"RB1","6","5 out of 5","1 out of 5","5 out of 5 stars","-2"
"4",1,"Bijan Robinson",ATL,"RB2","11","5 out of 5","1 out of 5","2 out of 5 stars","-2"
"5",1,"Jaxon Smith-Njigba",SEA,"WR3","11","5 out of 5","2 out of 5","3 out of 5 stars","+1"
"6",1,"Amon-Ra St. Brown",DET,"WR4","6","5 out of 5","1 out of 5","4 out of 5 stars","+2"
"7",2,"Christian McCaffrey",SF,"RB3","8","4 out of 5","4 out of 5","2 out of 5 stars","-2"
"8",2,"CeeDee Lamb",DAL,"WR5","14","4 out of 5","2 out of 5","2 out of 5 stars","+4"
"9",2,"Justin Jefferson",MIN,"WR6","6","5 out of 5","2 out of 5","5 out of 5 stars","+4"
"10",2,"Jonathan Taylor",IND,"RB4","13","4 out of 5","3 out of 5","4 out of 5 stars","-3"
"11",2,"Drake London",ATL,"WR7","11","4 out of 5","2 out of 5","3 out of 5 stars","+5"
"12",3,"A.J. Brown",NE,"WR8","11","5 out of 5","2 out of 5","2 out of 5 stars","+9"
"13",3,"Nico Collins",HOU,"WR9","8","4 out of 5","3 out of 5","3 out of 5 stars","+13"
"14",3,"Ashton Jeanty",LV,"RB5","13","5 out of 5","2 out of 5","2 out of 5 stars","-3"
"15",3,"James Cook III",BUF,"RB6","7","4 out of 5","2 out of 5","2 out of 5 stars","-6"
"16",3,"Chase Brown",CIN,"RB7","6","5 out of 5","2 out of 5","2 out of 5 stars","-1"
"17",3,"George Pickens",DAL,"WR10","14","4 out of 5","3 out of 5","2 out of 5 stars","+6"
"18",3,"Trey McBride",ARI,"TE1","14","4 out of 5","3 out of 5","2 out of 5 stars","+1"
"19",3,"Brock Bowers",LV,"TE2","13","5 out of 5","2 out of 5","3 out of 5 stars","+3"
"20",3,"Rashee Rice",KC,"WR11","5","5 out of 5","4 out of 5","2 out of 5 stars","+5"
"21",3,"De'Von Achane",MIA,"RB8","6","4 out of 5","4 out of 5","3 out of 5 stars","-11"
"22",3,"Chris Olave",NO,"WR12","8","4 out of 5","4 out of 5","3 out of 5 stars","+6"
"23",4,"DeVonta Smith",PHI,"WR13","10","4 out of 5","2 out of 5","4 out of 5 stars","+11"
"24",4,"Omarion Hampton",LAC,"RB9","7","5 out of 5","2 out of 5","3 out of 5 stars","-7"
"25",4,"Saquon Barkley",PHI,"RB10","10","4 out of 5","3 out of 5","4 out of 5 stars","-11"
"26",4,"Josh Allen",BUF,"QB1","7","5 out of 5","2 out of 5","3 out of 5 stars","+1"
"",4
"27",4,"Zay Flowers",BAL,"WR14","13","4 out of 5","2 out of 5","4 out of 5 stars","+8"
"28",4,"Kenneth Walker III",KC,"RB11","5","4 out of 5","4 out of 5","3 out of 5 stars","-8"
"29",4,"Garrett Wilson",NYJ,"WR15","13","4 out of 5","4 out of 5","4 out of 5 stars","+10"
"30",4,"Malik Nabers",NYG,"WR16","8","4 out of 5","4 out of 5","4 out of 5 stars","-1"
"31",4,"Lamar Jackson",BAL,"QB2","13","5 out of 5","3 out of 5","3 out of 5 stars","+11"
"32",4,"Tetairoa McMillan",CAR,"WR17","5","4 out of 5","3 out of 5","2 out of 5 stars","+8"
"33",4,"Ladd McConkey",LAC,"WR18","7","4 out of 5","3 out of 5","2 out of 5 stars","+13"
"34",4,"Tee Higgins",CIN,"WR19","6","5 out of 5","2 out of 5","4 out of 5 stars","+7"
"35",5,"Derrick Henry",BAL,"RB12","13","4 out of 5","2 out of 5","3 out of 5 stars","-17"
"36",5,"Colston Loveland",CHI,"TE3","10","5 out of 5","2 out of 5","2 out of 5 stars","+7"
"37",5,"Emeka Egbuka",TB,"WR20","10","4 out of 5","3 out of 5","4 out of 5 stars","+1"
"38",5,"Jaylen Waddle",DEN,"WR21","10","4 out of 5","3 out of 5","2 out of 5 stars","+10"
"39",5,"Jeremiyah Love",ARI,"RB13","14","5 out of 5","2 out of 5","2 out of 5 stars","-15"
"40",5,"Drake Maye",NE,"QB3","11","5 out of 5","2 out of 5","2 out of 5 stars","+12"
"41",5,"Breece Hall",NYJ,"RB14","13","4 out of 5","3 out of 5","3 out of 5 stars","-9"
"42",5,"Kyren Williams",LAR,"RB15","11","4 out of 5","2 out of 5","5 out of 5 stars","-11"
"43",5,"Josh Jacobs",GB,"RB16","11","4 out of 5","3 out of 5","4 out of 5 stars","-13"
"44",5,"Terry McLaurin",WAS,"WR22","7","4 out of 5","2 out of 5","2 out of 5 stars","+9"
"45",5,"Luther Burden III",CHI,"WR23","10","4 out of 5","3 out of 5","3 out of 5 stars","+2"
"46",5,"Joe Burrow",CIN,"QB4","6","4 out of 5","3 out of 5","3 out of 5 stars","+10"
"47",5,"Javonte Williams",DAL,"RB17","14","4 out of 5","3 out of 5","4 out of 5 stars","-14"
"48",5,"Travis Etienne Jr.",NO,"RB18","8","4 out of 5","3 out of 5","3 out of 5 stars","-11"
"49",5,"Davante Adams",LAR,"WR24","11","4 out of 5","4 out of 5","1 out of 5 stars","0"
"50",5,"Jayden Daniels",WAS,"QB5","7","5 out of 5","4 out of 5","2 out of 5 stars","+10"
"51",5,"Mike Evans",SF,"WR25","8","4 out of 5","3 out of 5","2 out of 5 stars","+11"
"52",5,"DJ Moore",BUF,"WR26","7","4 out of 5","3 out of 5","4 out of 5 stars","+6"
"53",6,"Cam Skattebo",NYG,"RB19","8","4 out of 5","3 out of 5","4 out of 5 stars","-17"
"54",6,"Tyler Warren",IND,"TE4","13","4 out of 5","2 out of 5","3 out of 5 stars","-3"
"55",6,"Jameson Williams",DET,"WR27","6","4 out of 5","4 out of 5","4 out of 5 stars","+2"
"56",6,"Christian Watson",GB,"WR28","11","4 out of 5","4 out of 5","5 out of 5 stars","+12"
"57",6,"Jalen Hurts",PHI,"QB6","10","4 out of 5","3 out of 5","5 out of 5 stars","+7"
"58",6,"Rome Odunze",CHI,"WR29","10","4 out of 5","2 out of 5","3 out of 5 stars","+3"
"59",6,"Bucky Irving",TB,"RB20","10","3 out of 5","4 out of 5","2 out of 5 stars","-15"
"60",6,"D'Andre Swift",CHI,"RB21","10","3 out of 5","3 out of 5","2 out of 5 stars","-5"
"61",6,"Quinshon Judkins",CLE,"RB22","11","4 out of 5","4 out of 5","3 out of 5 stars","-16"
"62",6,"David Montgomery",HOU,"RB23","8","4 out of 5","2 out of 5","4 out of 5 stars","-8"
"63",6,"TreVeyon Henderson",NE,"RB24","11","4 out of 5","3 out of 5","2 out of 5 stars","-13"
"64",6,"Carnell Tate",TEN,"WR30","9","4 out of 5","2 out of 5","3 out of 5 stars","+2"
"65",6,"Caleb Williams",CHI,"QB7","10","5 out of 5","2 out of 5","3 out of 5 stars","+15"
"66",6,"Bhayshul Tuten",JAC,"RB25","7","4 out of 5","3 out of 5","4 out of 5 stars","-7"
"67",6,"Justin Herbert",LAC,"QB8","7","4 out of 5","2 out of 5","2 out of 5 stars","+21"
"68",6,"Marvin Harrison Jr.",ARI,"WR31","14","3 out of 5","4 out of 5","2 out of 5 stars","+1"
"69",6,"Harold Fannin Jr.",CLE,"TE5","11","4 out of 5","3 out of 5","3 out of 5 stars","-4"
"70",6,"Tucker Kraft",GB,"TE6","11","4 out of 5","2 out of 5","2 out of 5 stars","+2"
"71",7,"Jaylen Warren",PIT,"RB26","9","4 out of 5","4 out of 5","2 out of 5 stars","-1"
"72",7,"Jadarian Price",SEA,"RB27","11","4 out of 5","3 out of 5","4 out of 5 stars","-9"
"73",7,"Parker Washington",JAC,"WR32","7","4 out of 5","3 out of 5","4 out of 5 stars","+10"
"74",7,"DK Metcalf",PIT,"WR33","9","4 out of 5","3 out of 5","3 out of 5 stars","+2"
"75",7,"Brian Thomas Jr.",JAC,"WR34","7","3 out of 5","4 out of 5","4 out of 5 stars","0"
"76",7,"Trevor Lawrence",JAC,"QB9","7","5 out of 5","1 out of 5","4 out of 5 stars","+13"
"77",7,"Dak Prescott",DAL,"QB10","14","4 out of 5","2 out of 5","2 out of 5 stars","0"
"78",7,"Kyle Pitts Sr.",ATL,"TE7","11","4 out of 5","4 out of 5","3 out of 5 stars","-11"
"79",7,"Chris Godwin Jr.",TB,"WR35","10","3 out of 5","4 out of 5","4 out of 5 stars","+17"
"80",7,"Rhamondre Stevenson",NE,"RB28","11","4 out of 5","3 out of 5","2 out of 5 stars","+2"
"81",7,"Michael Pittman Jr.",PIT,"WR36","9","3 out of 5","3 out of 5","3 out of 5 stars","+13"
"82",7,"Alec Pierce",IND,"WR37","13","4 out of 5","4 out of 5","4 out of 5 stars","-3"
"83",7,"Tony Pollard",TEN,"RB29","9","3 out of 5","3 out of 5","3 out of 5 stars","-10"
"84",7,"Courtland Sutton",DEN,"WR38","10","2 out of 5","4 out of 5","2 out of 5 stars","-10"
"85",7,"Sam LaPorta",DET,"TE8","6","4 out of 5","2 out of 5","3 out of 5 stars","-14"
"86",7,"Chuba Hubbard",CAR,"RB30","5","2 out of 5","4 out of 5","1 out of 5 stars","-2"
"87",7,"Josh Downs",IND,"WR39","13","3 out of 5","3 out of 5","4 out of 5 stars","+25"
"88",7,"Wan'Dale Robinson",TEN,"WR40","9","3 out of 5","4 out of 5","3 out of 5 stars","+3"
"89",7,"Jordyn Tyson",NO,"WR41","8","4 out of 5","4 out of 5","3 out of 5 stars","-4"
"90",7,"Rico Dowdle",PIT,"RB31","9","4 out of 5","4 out of 5","2 out of 5 stars","-9"
"",7
"91",7,"Michael Wilson",ARI,"WR42","14","-","-","2 out of 5 stars","-4"
"92",7,"Jaxson Dart",NYG,"QB11","8","4 out of 5","4 out of 5","4 out of 5 stars","-6"
"93",7,"RJ Harvey",DEN,"RB32","10","2 out of 5","4 out of 5","2 out of 5 stars","-15"
"94",7,"Brock Purdy",SF,"QB12","8","4 out of 5","2 out of 5","1 out of 5 stars","+8"
"95",7,"Travis Kelce",KC,"TE9","5","3 out of 5","3 out of 5","4 out of 5 stars","+5"
"96",8,"Jakobi Meyers",JAC,"WR43","7","2 out of 5","3 out of 5","4 out of 5 stars","+2"
"97",8,"Kenny Gainwell",TB,"RB33","10","4 out of 5","3 out of 5","2 out of 5 stars","+2"
"98",8,"Quentin Johnston",LAC,"WR44","7","4 out of 5","4 out of 5","2 out of 5 stars","+7"
"99",8,"Makai Lemon",PHI,"WR45","10","4 out of 5","3 out of 5","4 out of 5 stars","-4"
"100",8,"Bo Nix",DEN,"QB13","10","4 out of 5","2 out of 5","3 out of 5 stars","+15"
"101",8,"Patrick Mahomes II",KC,"QB14","5","3 out of 5","4 out of 5","2 out of 5 stars","0"
"102",8,"J.K. Dobbins",DEN,"RB34","10","4 out of 5","4 out of 5","2 out of 5 stars","-12"
"103",8,"Matthew Stafford",LAR,"QB15","11","4 out of 5","3 out of 5","3 out of 5 stars","-6"
"104",8,"Kyle Monangai",CHI,"RB35","10","4 out of 5","4 out of 5","2 out of 5 stars","-11"
"105",8,"Jared Goff",DET,"QB16","6","3 out of 5","2 out of 5","5 out of 5 stars","+16"
"106",8,"Rachaad White",WAS,"RB36","7","4 out of 5","2 out of 5","4 out of 5 stars","0"
"107",8,"George Kittle",SF,"TE10","8","4 out of 5","4 out of 5","3 out of 5 stars","-15"
"108",8,"Jordan Addison",MIN,"WR46","6","4 out of 5","3 out of 5","5 out of 5 stars","0"
"109",8,"Jayden Reed",GB,"WR47","11","4 out of 5","4 out of 5","5 out of 5 stars","+9"
"110",8,"Blake Corum",LAR,"RB37","11","4 out of 5","4 out of 5","5 out of 5 stars","-6"
"111",8,"Jake Ferguson",DAL,"TE11","14","2 out of 5","4 out of 5","2 out of 5 stars","+2"
"112",8,"Aaron Jones Sr.",MIN,"RB38","6","1 out of 5","4 out of 5","4 out of 5 stars","-2"
"113",8,"Kyler Murray",MIN,"QB17","6","4 out of 5","3 out of 5","5 out of 5 stars","+20"
"114",8,"Dalton Kincaid",BUF,"TE12","7","2 out of 5","4 out of 5","3 out of 5 stars","+10"
"115",8,"Jonathon Brooks",CAR,"RB39","5","4 out of 5","4 out of 5","1 out of 5 stars","-8"
"116",8,"Baker Mayfield",TB,"QB18","10","2 out of 5","4 out of 5","2 out of 5 stars","+15"
"117",8,"Jordan Love",GB,"QB19","11","4 out of 5","3 out of 5","4 out of 5 stars","+26"
"118",8,"Jayden Higgins",HOU,"WR48","8","4 out of 5","3 out of 5","3 out of 5 stars","+17"
"119",8,"Jacory Croskey-Merritt",WAS,"RB40","7","3 out of 5","4 out of 5","4 out of 5 stars","-3"
"120",8,"Isaiah Likely",NYG,"TE13","8","4 out of 5","4 out of 5","3 out of 5 stars","-11"
"121",8,"Khalil Shakir",BUF,"WR49","7","2 out of 5","4 out of 5","4 out of 5 stars","+9"
"122",8,"Tyler Shough",NO,"QB20","8","4 out of 5","2 out of 5","3 out of 5 stars","+20"
"123",8,"Dallas Goedert",PHI,"TE14","10","4 out of 5","4 out of 5","4 out of 5 stars","-12"
"124",8,"Xavier Worthy",KC,"WR50","5","4 out of 5","4 out of 5","2 out of 5 stars","+3"
"125",8,"Jordan Mason",MIN,"RB41","6","3 out of 5","4 out of 5","4 out of 5 stars","-5"
"126",8,"Mark Andrews",BAL,"TE15","13","4 out of 5","4 out of 5","4 out of 5 stars","-4"
"127",8,"Jalen Coker",CAR,"WR51","5","4 out of 5","3 out of 5","2 out of 5 stars","+13"
"128",8,"Romeo Doubs",NE,"WR52","11","3 out of 5","3 out of 5","2 out of 5 stars","-2"
"129",9,"Malik Willis",MIA,"QB21","6","4 out of 5","4 out of 5","3 out of 5 stars","+27"
"130",9,"Tyrone Tracy Jr.",NYG,"RB42","8","4 out of 5","3 out of 5","4 out of 5 stars","+6"
"131",9,"KC Concepcion",CLE,"WR53","11","4 out of 5","3 out of 5","3 out of 5 stars","-2"
"132",9,"Matthew Golden",GB,"WR54","11","4 out of 5","4 out of 5","5 out of 5 stars","-7"
"133",9,"Woody Marks",HOU,"RB43","8","3 out of 5","4 out of 5","4 out of 5 stars","-1"
"134",9,"Tyler Allgeier",ARI,"RB44","14","3 out of 5","4 out of 5","2 out of 5 stars","+15"
"135",9,"Sam Darnold",SEA,"QB22","11","2 out of 5","4 out of 5","4 out of 5 stars","+51"
"136",9,"C.J. Stroud",HOU,"QB23","8","3 out of 5","3 out of 5","4 out of 5 stars","+37"
"137",9,"Tyjae Spears",TEN,"RB45","9","3 out of 5","4 out of 5","3 out of 5 stars","+14"
"138",9,"Chris Rodriguez Jr.",JAC,"RB46","7","3 out of 5","4 out of 5","4 out of 5 stars","+7"
"139",9,"Rashid Shaheed",SEA,"WR55","11","4 out of 5","4 out of 5","3 out of 5 stars","+2"
"140",9,"Alvin Kamara",NO,"RB47","8","2 out of 5","4 out of 5","3 out of 5 stars","-1"
"141",9,"Juwan Johnson",NO,"TE16","8","4 out of 5","4 out of 5","2 out of 5 stars","+7"
"142",9,"Zach Charbonnet",SEA,"RB48","11","3 out of 5","4 out of 5","4 out of 5 stars","-14"
"143",9,"Dylan Sampson",CLE,"RB49","11","4 out of 5","2 out of 5","3 out of 5 stars","+46"
"144",9,"Chig Okonkwo",WAS,"TE17","7","4 out of 5","3 out of 5","1 out of 5 stars","+14"
"145",9,"Isiah Pacheco",DET,"RB50","6","2 out of 5","4 out of 5","5 out of 5 stars","+2"
"146",9,"Cam Ward",TEN,"QB24","9","4 out of 5","4 out of 5","3 out of 5 stars","+37"
"147",9,"Daniel Jones",IND,"QB25","13","4 out of 5","4 out of 5","4 out of 5 stars","+27"
"148",9,"Brenton Strange",JAC,"TE18","7","4 out of 5","3 out of 5","3 out of 5 stars","+6"
"149",9,"Jauan Jennings",MIN,"WR56","6","2 out of 5","4 out of 5","5 out of 5 stars","+39"
"150",9,"Deebo Samuel Sr.",SF,"WR57","8","4 out of 5","4 out of 5","2 out of 5 stars","-16"
"151",9,"Jerry Jeudy",CLE,"WR58","11","2 out of 5","4 out of 5","3 out of 5 stars","+15"
"152",9,"Keaton Mitchell",LAC,"RB51","7","4 out of 5","3 out of 5","3 out of 5 stars","+28"
"153",9,"Denzel Boston",CLE,"WR59","11","4 out of 5","4 out of 5","3 out of 5 stars","+12"
"154",9,"Bryce Young",CAR,"QB26","5","2 out of 5","4 out of 5","2 out of 5 stars","+48"
"155",9,"Stefon Diggs",WAS,"WR60","7","4 out of 5","4 out of 5","2 out of 5 stars","-18"
"156",9,"Hunter Henry",NE,"TE19","11","2 out of 5","3 out of 5","4 out of 5 stars","-4"
"157",9,"Omar Cooper Jr.",NYJ,"WR61","13","4 out of 5","3 out of 5","4 out of 5 stars","+30"
"158",9,"Adonai Mitchell",NYJ,"WR62","13","4 out of 5","4 out of 5","4 out of 5 stars","+50"
"159",9,"Jonah Coleman",DEN,"RB52","10","3 out of 5","4 out of 5","2 out of 5 stars","+25"
"160",9,"Jalen McMillan",TB,"WR63","10","4 out of 5","4 out of 5","4 out of 5 stars","+3"
"161",9,"Brian Robinson Jr.",ATL,"RB53","11","1 out of 5","4 out of 5","2 out of 5 stars","-4"
"162",9,"Tank Bigsby",PHI,"RB54","10","4 out of 5","4 out of 5","4 out of 5 stars","+7"
"163",9,"Oronde Gadsden II",LAC,"TE20","7","3 out of 5","4 out of 5","4 out of 5 stars","-2"
"164",9,"Travis Hunter",JAC,"WR64","7","3 out of 5","4 out of 5","4 out of 5 stars","+47"
"165",9,"Houston Texans",HOU,"DST1","8","-","-","2 out of 5 stars","-62"
"166",9,"Tre Tucker",LV,"WR65","13","4 out of 5","2 out of 5","2 out of 5 stars","+6"
"167",10,"Dalton Schultz",HOU,"TE21","8","3 out of 5","2 out of 5","4 out of 5 stars","+8"
"168",10,"Tre' Harris",LAC,"WR66","7","4 out of 5","3 out of 5","2 out of 5 stars","+59"
"169",10,"Denver Broncos",DEN,"DST2","10","-","-","4 out of 5 stars","-55"
"170",10,"Braelon Allen",NYJ,"RB55","13","2 out of 5","4 out of 5","3 out of 5 stars","+23"
"171",10,"Jacoby Brissett",ARI,"QB27","14","2 out of 5","5 out of 5","2 out of 5 stars","+67"
"172",10,"Ryan Flournoy",DAL,"WR67","14","4 out of 5","2 out of 5","2 out of 5 stars","+94"
"173",10,"De'Zhaun Stribling",SF,"WR68","8","3 out of 5","4 out of 5","2 out of 5 stars","+3"
"174",10,"Seattle Seahawks",SEA,"DST3","11","-","-","2 out of 5 stars","-51"
"175",10,"T.J. Hockenson",MIN,"TE22","6","3 out of 5","4 out of 5","4 out of 5 stars","-20"
"176",10,"Los Angeles Rams",LAR,"DST4","11","-","-","2 out of 5 stars","-59"
"177",10,"Philadelphia Eagles",PHI,"DST5","10","-","-","0 out of 5 stars","-39"
"178",10,"Kayshon Boutte",NE,"WR69","11","3 out of 5","4 out of 5","2 out of 5 stars","+16"
"179",10,"Kimani Vidal",LAC,"RB56","7","2 out of 5","4 out of 5","3 out of 5 stars","+24"
"180",10,"Jalen Nailor",LV,"WR70","13","-","-","2 out of 5 stars","-12"
"181",10,"Sean Tucker",TB,"RB57","10","3 out of 5","4 out of 5","2 out of 5 stars","+51"
"182",10,"Troy Franklin",DEN,"WR71","10","1 out of 5","4 out of 5","2 out of 5 stars","+76"
"183",10,"Emmett Johnson",KC,"RB58","5","4 out of 5","4 out of 5","3 out of 5 stars","+12"
"184",10,"James Conner",ARI,"RB59","14","2 out of 5","4 out of 5","2 out of 5 stars","+12"
"185",10,"Brandon Aubrey",DAL,"K1","14","5 out of 5","1 out of 5","2 out of 5 stars","-66"
"186",10,"Ray Davis",BUF,"RB60","7","-","-","2 out of 5 stars","+49"
"187",10,"Calvin Ridley",TEN,"WR72","9","2 out of 5","4 out of 5","3 out of 5 stars","-6"
"188",10,"Dontayvion Wicks",PHI,"WR73","10","3 out of 5","4 out of 5","4 out of 5 stars","+79"
"189",10,"Minnesota Vikings",MIN,"DST6","6","-","-","1 out of 5 stars","-29"
"190",10,"AJ Barner",SEA,"TE23","11","4 out of 5","2 out of 5","3 out of 5 stars","+8"
"191",10,"Jaylin Noel",HOU,"WR74","8","4 out of 5","3 out of 5","3 out of 5 stars","+103"
"192",10,"Pittsburgh Steelers",PIT,"DST7","9","-","-","5 out of 5 stars","-30"
"193",10,"Jacksonville Jaguars",JAC,"DST8","7","-","-","3 out of 5 stars","-22"
"194",10,"Malik Washington",MIA,"WR75","6","3 out of 5","4 out of 5","3 out of 5 stars","+52"
"195",10,"New England Patriots",NE,"DST9","11","-","-","3 out of 5 stars","-36"
"196",10,"Kenyon Sadiq",NYJ,"TE24","13","4 out of 5","4 out of 5","4 out of 5 stars","-43"
"197",10,"Los Angeles Chargers",LAC,"DST10","7","-","-","3 out of 5 stars","-19"
"198",10,"Ka'imi Fairbairn",HOU,"K2","8","5 out of 5","1 out of 5","2 out of 5 stars","-48"
"199",10,"Pat Bryant",DEN,"WR76","10","-","-","2 out of 5 stars","+107"
"200",10,"Darnell Mooney",NYG,"WR77","8","4 out of 5","4 out of 5","4 out of 5 stars","+10"
"201",10,"Cameron Dicker",LAC,"K3","7","5 out of 5","1 out of 5","2 out of 5 stars","-57"
"202",10,"Isaac TeSlaa",DET,"WR78","6","4 out of 5","4 out of 5","4 out of 5 stars","+29"
"203",10,"Gunnar Helm",TEN,"TE25","9","3 out of 5","3 out of 5","3 out of 5 stars","+40"
"204",10,"Cam Little",JAC,"K4","7","-","-","4 out of 5 stars","-40"
"205",10,"Emanuel Wilson",SEA,"RB61","11","2 out of 5","4 out of 5","4 out of 5 stars","+2"
"206",11,"Mike Washington Jr.",LV,"RB62","13","3 out of 5","4 out of 5","2 out of 5 stars","+20"
"207",11,"Baltimore Ravens",BAL,"DST11","13","-","-","5 out of 5 stars","-40"
"208",11,"Jason Myers",SEA,"K5","11","-","-","4 out of 5 stars","-62"
"209",11,"Antonio Williams",WAS,"WR79","7","4 out of 5","2 out of 5","2 out of 5 stars","-4"
"210",11,"Nicholas Singleton",TEN,"RB63","9","3 out of 5","4 out of 5","3 out of 5 stars","-1"
"211",11,"Rashod Bateman",BAL,"WR80","13","3 out of 5","4 out of 5","4 out of 5 stars","+36"
"212",11,"Geno Smith",NYJ,"QB28","13","2 out of 5","4 out of 5","4 out of 5 stars","+151"
"213",11,"Eddy Pineiro",SF,"K6","8","4 out of 5","2 out of 5","5 out of 5 stars","-28"
"214",11,"Tyler Loop",BAL,"K7","13","-","-","3 out of 5 stars","-24"
"215",11,"Aaron Rodgers",PIT,"QB29","9","1 out of 5","4 out of 5","2 out of 5 stars","+27"
"216",11,"Cooper Kupp",SEA,"WR81","11","3 out of 5","4 out of 5","3 out of 5 stars","+1"
"217",11,"Green Bay Packers",GB,"DST12","11","-","-","2 out of 5 stars","-11"
"218",11,"Tank Dell",HOU,"WR82","8","3 out of 5","4 out of 5","3 out of 5 stars","-41"
"219",11,"Kansas City Chiefs",KC,"DST13","5","-","-","3 out of 5 stars","-5"
"220",11,"Cairo Santos",CHI,"K8","10","-","-","0 out of 5 stars","-19"
"221",11,"MarShawn Lloyd",GB,"RB64","11","4 out of 5","4 out of 5","4 out of 5 stars","+38"
"222",11,"Detroit Lions",DET,"DST14","6","-","-","5 out of 5 stars","-40"
"223",11,"Jake Bates",DET,"K9","6","-","-","5 out of 5 stars","-44"
"224",11,"Kaytron Allen",WAS,"RB65","7","3 out of 5","4 out of 5","4 out of 5 stars","+15"
"225",11,"Evan McPherson",CIN,"K10","6","-","-","2 out of 5 stars","-4"
"226",11,"Andy Borregales",NE,"K11","11","-","-","1 out of 5 stars","+15"
"227",11,"Pat Freiermuth",PIT,"TE26","9","3 out of 5","3 out of 5","2 out of 5 stars","+2"
"228",11,"Zachariah Branch",ATL,"WR83","11","3 out of 5","4 out of 5","3 out of 5 stars","+6"
"229",11,"Cade Otton",TB,"TE27","10","2 out of 5","4 out of 5","2 out of 5 stars","-16"
"230",11,"Chimere Dike",TEN,"WR84","9","2 out of 5","5 out of 5","3 out of 5 stars","+91"
"231",11,"Terrance Ferguson",LAR,"TE28","11","4 out of 5","4 out of 5","4 out of 5 stars","-19"
"232",11,"Jaydon Blue",DAL,"RB66","14","4 out of 5","3 out of 5","4 out of 5 stars","+12"
"233",11,"Cleveland Browns",CLE,"DST15","11","-","-","5 out of 5 stars","-36"
"234",11,"Jaylen Wright",MIA,"RB67","6","-","-","3 out of 5 stars","+17"
"235",11,"Germie Bernard",PIT,"WR85","9","2 out of 5","4 out of 5","3 out of 5 stars","+38"
"236",11,"Chase McLaughlin",TB,"K12","10","-","-","3 out of 5 stars","-21"
"237",11,"Harrison Mevis",LAR,"K13","11","-","-","2 out of 5 stars","-67"
"238",11,"Buffalo Bills",BUF,"DST16","7","-","-","3 out of 5 stars","-39"
"239",11,"Greg Dulcich",MIA,"TE29","6","4 out of 5","3 out of 5","5 out of 5 stars","-15"
"240",11,"Ollie Gordon II",MIA,"RB68","6","3 out of 5","4 out of 5","3 out of 5 stars","+134"
"241",11,"Jack Bech",LV,"WR86","13","3 out of 5","4 out of 5","2 out of 5 stars","+7"
"242",11,"Keon Coleman",BUF,"WR87","7","2 out of 5","4 out of 5","4 out of 5 stars","+59"
"243",11,"Elic Ayomanor",TEN,"WR88","9","1 out of 5","5 out of 5","3 out of 5 stars","+39"
"244",11,"David Njoku",LAC,"TE30","7","4 out of 5","4 out of 5","4 out of 5 stars","-40"
"245",11,"Justice Hill",BAL,"RB69","13","-","-","3 out of 5 stars","-22"
"246",11,"Harrison Butker",KC,"K14","5","-","-","5 out of 5 stars","-54"
"247",11,"Evan Engram",DEN,"TE31","10","-","-","4 out of 5 stars","+88"
"248",11,"Chris Boswell",PIT,"K15","9","-","-","4 out of 5 stars","-23"
"249",11,"Fernando Mendoza",LV,"QB30","13","4 out of 5","3 out of 5","1 out of 5 stars","-33"
"250",11,"Tua Tagovailoa",ATL,"QB31","11","2 out of 5","4 out of 5","4 out of 5 stars","+49"
"251",11,"Colby Parkinson",LAR,"TE32","11","-","-","4 out of 5 stars","+18"
"252",11,"Isaiah Davis",NYJ,"RB70","13","2 out of 5","4 out of 5","3 out of 5 stars","+175"
"253",12,"Tory Horton",SEA,"WR89","11","4 out of 5","4 out of 5","3 out of 5 stars","+50"
"254",12,"George Holani",SEA,"RB71","11","3 out of 5","4 out of 5","4 out of 5 stars","+14"
"255",12,"Malachi Fields",NYG,"WR90","8","4 out of 5","3 out of 5","4 out of 5 stars","-22"
"256",12,"Chris Bell",MIA,"WR91","6","3 out of 5","4 out of 5","3 out of 5 stars","+44"
"257",12,"Elijah Sarratt",BAL,"WR92","13","4 out of 5","4 out of 5","4 out of 5 stars","+76"
"258",12,"Demond Claiborne",MIN,"RB72","6","3 out of 5","4 out of 5","4 out of 5 stars","+4"
"259",12,"Ty Johnson",BUF,"RB73","7","-","-","2 out of 5 stars","+30"
"260",12,"Christian Kirk",SF,"WR93","8","3 out of 5","4 out of 5","2 out of 5 stars","-3"
"261",12,"Jordan James",SF,"RB74","8","3 out of 5","4 out of 5","2 out of 5 stars","-31"
"262",12,"Eli Stowers",PHI,"TE33","10","4 out of 5","4 out of 5","4 out of 5 stars","-10"
"263",12,"Ted Hurst III",TB,"WR94","10","4 out of 5","4 out of 5","4 out of 5 stars","+13"
"264",12,"DJ Giddens",IND,"RB75","13","3 out of 5","4 out of 5","4 out of 5 stars","+38"
"265",12,"Darius Slayton",NYG,"WR95","8","3 out of 5","4 out of 5","4 out of 5 stars","+128"
"266",12,"Mason Taylor",NYJ,"TE34","13","1 out of 5","4 out of 5","4 out of 5 stars","-2"
"267",12,"Tyquan Thornton",KC,"WR96","5","-","-","2 out of 5 stars","+170"
"268",12,"Marvin Mims Jr.",DEN,"WR97","10","-","-","2 out of 5 stars","+30"
"269",12,"Chris Brooks",GB,"RB76","11","2 out of 5","4 out of 5","4 out of 5 stars","+117"
"270",12,"Wil Lutz",DEN,"K16","10","-","-","1 out of 5 stars","+9"
"271",12,"Xavier Legette",CAR,"WR98","5","2 out of 5","4 out of 5","2 out of 5 stars","+134"
"272",12,"Theo Johnson",NYG,"TE35","8","1 out of 5","4 out of 5","3 out of 5 stars","+47"
"273",12,"Samaje Perine",CIN,"RB77","6","2 out of 5","4 out of 5","2 out of 5 stars","+7"
"274",12,"Brandon Aiyuk",SF,"WR99","8","2 out of 5","5 out of 5","2 out of 5 stars","-34"
"275",12,"Will Reichard",MIN,"K17","6","-","-","2 out of 5 stars","-75"
"276",12,"LeQuint Allen Jr.",JAC,"RB78","7","3 out of 5","4 out of 5","4 out of 5 stars","-2"
"277",12,"Trey Benson",ARI,"RB79","14","2 out of 5","5 out of 5","2 out of 5 stars","0"
"278",12,"Devaughn Vele",NO,"WR100","8","-","-","3 out of 5 stars","+82"
"279",12,"Michael Penix Jr.",ATL,"QB32","11","1 out of 5","5 out of 5","4 out of 5 stars","+11"
"280",12,"Kaleb Johnson",PIT,"RB80","9","2 out of 5","5 out of 5","2 out of 5 stars","+27"
"281",12,"San Francisco 49ers",SF,"DST17","8","-","-","3 out of 5 stars","-61"
"282",12,"Kaelon Black",SF,"RB81","8","4 out of 5","4 out of 5","2 out of 5 stars","-45"
"283",12,"Atlanta Falcons",ATL,"DST18","11","-","-","4 out of 5 stars","-47"
"284",12,"Oscar Delp",NO,"TE36","8","4 out of 5","4 out of 5","2 out of 5 stars","+168"
"285",12,"Malik Davis",DAL,"RB82","14","-","-","4 out of 5 stars","+106"
"286",12,"Devin Neal",NO,"RB83","8","3 out of 5","4 out of 5","3 out of 5 stars","+40"
"287",12,"Deshaun Watson",CLE,"QB33","11","1 out of 5","5 out of 5","4 out of 5 stars","+79"
"288",12,"Hollywood Brown",PHI,"WR101","10","-","-","4 out of 5 stars","+22"
"289",12,"Kirk Cousins",LV,"QB34","13","2 out of 5","4 out of 5","1 out of 5 stars","+52"
"290",12,"Shedeur Sanders",CLE,"QB35","11","3 out of 5","4 out of 5","4 out of 5 stars","-40"
"291",12,"Emari Demercado",KC,"RB84","5","1 out of 5","5 out of 5","3 out of 5 stars","+49"
"292",12,"Keenan Allen",LAC,"WR102","7","2 out of 5","4 out of 5","2 out of 5 stars","-32"
"293",12,"Mack Hollins",NE,"WR103","11","-","-","2 out of 5 stars","+53"
"294",12,"Kyle Williams",NE,"WR104","11","-","-","2 out of 5 stars","-13"
"295",12,"Devin Singletary",NYG,"RB85","8","-","-","4 out of 5 stars","+10"
"296",12,"Kendre Miller",NO,"RB86","8","2 out of 5","4 out of 5","3 out of 5 stars","+49"
"297",12,"Brashard Smith",KC,"RB87","5","-","-","3 out of 5 stars","+16"
"298",12,"Ja'Kobi Lane",BAL,"WR105","13","-","-","4 out of 5 stars","-70"
"299",12,"Mike Gesicki",CIN,"TE37","6","-","-","3 out of 5 stars","+33"
"300",12,"Jerome Ford",WAS,"RB88","7","-","-","4 out of 5 stars","-"
"301",12,"Tyreek Hill",FA,"WR106","-","1 out of 5","5 out of 5","-","-110"
"302",12,"Skyler Bell",BUF,"WR107","7","-","-","4 out of 5 stars","+6"
"303",12,"Adam Randall",BAL,"RB89","13","3 out of 5","4 out of 5","3 out of 5 stars","-"
"304",12,"Isaiah Bond",CLE,"WR108","11","-","-","3 out of 5 stars","+144"
"305",12,"New Orleans Saints",NO,"DST19","8","-","-","5 out of 5 stars","-52"
"306",12,"Najee Harris",LAC,"RB90","7","1 out of 5","5 out of 5","3 out of 5 stars","+22"
"307",12,"Charlie Smyth",NO,"K18","8","-","-","5 out of 5 stars","+85"
"308",12,"Tahj Brooks",CIN,"RB91","6","-","-","2 out of 5 stars","-"
"309",13,"Seth McGowan",IND,"RB92","13","-","-","4 out of 5 stars","-"
"310",13,"Jake Tonges",SF,"TE38","8","-","-","3 out of 5 stars","-65"
"311",13,"Indianapolis Colts",IND,"DST20","13","-","-","5 out of 5 stars","-33"
"312",13,"Jarquez Hunter",LAR,"RB93","11","-","-","5 out of 5 stars","+60"
"313",13,"Jaleel McLaughlin",DEN,"RB94","10","-","-","2 out of 5 stars","+270"
"314",13,"Trevor Etienne",CAR,"RB95","5","-","-","1 out of 5 stars","-"
"315",13,"Isaac Guerendo",SF,"RB96","8","-","-","2 out of 5 stars","-"
"316",13,"Chicago Bears",CHI,"DST21","10","-","-","2 out of 5 stars","-94"
"317",13,"Andrei Iosivas",CIN,"WR109","6","-","-","4 out of 5 stars","+59"
"318",13,"Audric Estime",NO,"RB97","8","-","-","3 out of 5 stars","+47"
"319",13,"Darnell Washington",PIT,"TE39","9","-","-","2 out of 5 stars","-27"
"320",13,"Caleb Douglas",MIA,"WR110","6","-","-","3 out of 5 stars","-35"
"321",13,"Cyrus Allen",KC,"WR111","5","-","-","2 out of 5 stars","-65"
"322",13,"Chris Brazzell II",CAR,"WR112","5","-","-","2 out of 5 stars","+139"
"323",13,"Cedric Tillman",CLE,"WR113","11","-","-","3 out of 5 stars","+116"
"324",13,"Will Shipley",PHI,"RB98","10","-","-","4 out of 5 stars","+130"
"325",13,"Jalen Tolbert",MIA,"WR114","6","-","-","3 out of 5 stars","-32"
"326",13,"Luke McCaffrey",WAS,"WR115","7","-","-","2 out of 5 stars","+28"
"327",13,"Kareem Hunt",FA,"RB99","-","-","-","-","-11"
"328",13,"Tez Johnson",TB,"WR116","10","-","-","4 out of 5 stars","+103"
"329",13,"Joe Mixon",FA,"RB100","-","-","-","-","-11"
"330",13,"Jahan Dotson",ATL,"WR117","11","-","-","3 out of 5 stars","+95"
"331",13,"Konata Mumpfield",LAR,"WR118","11","-","-","1 out of 5 stars","+79"
"332",13,"Max Klare",LAR,"TE40","11","-","-","4 out of 5 stars","+47"
"333",13,"J.J. McCarthy",MIN,"QB36","6","-","-","5 out of 5 stars","-72"
"334",13,"Elijah Arroyo",SEA,"TE41","11","-","-","3 out of 5 stars","-14"
"335",13,"Calvin Austin III",NYG,"WR119","8","-","-","4 out of 5 stars","+69"
"336",13,"Jalen Royals",KC,"WR120","5","-","-","2 out of 5 stars","+124"
"337",13,"Olamide Zaccheaus",ATL,"WR121","11","-","-","3 out of 5 stars","+119"
"338",13,"Michael Mayer",LV,"TE42","13","-","-","3 out of 5 stars","+71"
"339",13,"DeMario Douglas",NE,"WR122","11","-","-","2 out of 5 stars","+14"
"340",13,"Tyler Higbee",LAR,"TE43","11","-","-","4 out of 5 stars","-3"
"341",13,"Cole Kmet",CHI,"TE44","10","-","-","2 out of 5 stars","-46"
"342",13,"Bam Knight",ARI,"RB101","14","-","-","2 out of 5 stars","-"
"343",13,"Ja'Tavion Sanders",CAR,"TE45","5","-","-","2 out of 5 stars","-"
"344",13,"Noah Gray",KC,"TE46","5","-","-","4 out of 5 stars","+31"
"345",13,"Treylon Burks",WAS,"WR123","7","-","-","2 out of 5 stars","-"
"346",13,"Carolina Panthers",CAR,"DST22","5","-","-","3 out of 5 stars","-81"
"347",13,"Joshua Palmer",BUF,"WR124","7","-","-","4 out of 5 stars","-36"
"348",13,"Dawson Knox",BUF,"TE47","7","-","-","3 out of 5 stars","-31"
"349",13,"Mac Jones",SF,"QB37","8","-","-","1 out of 5 stars","+19"
"350",13,"Eli Heidenreich",PIT,"RB102","9","-","-","2 out of 5 stars","+176"
"351",13,"Carson Beck",ARI,"QB38","14","-","-","2 out of 5 stars","-55"
"352",13,"Bryce Lance",NO,"WR125","8","-","-","3 out of 5 stars","+74"
"353",13,"Dallas Cowboys",DAL,"DST23","14","-","-","1 out of 5 stars","-135"
"354",13,"Kendrick Bourne",ARI,"WR126","14","-","-","2 out of 5 stars","+70"
"355",13,"Erick All Jr.",CIN,"TE48","6","-","-","3 out of 5 stars","+138"
"356",14,"Michael Carter",TEN,"RB103","9","-","-","3 out of 5 stars","-"
"357",14,"Brenen Thompson",LAC,"WR127","7","-","-","2 out of 5 stars","+43"
"358",14,"Jake Elliott",PHI,"K19","10","-","-","5 out of 5 stars","-95"
"359",14,"Eli Raridon",NE,"TE49","11","-","-","4 out of 5 stars","+21"
"360",14,"Justin Joly",DEN,"TE50","10","-","-","4 out of 5 stars","-"
"361",14,"Ty Simpson",LAR,"QB39","11","-","-","3 out of 5 stars","-70"
"362",14,"Justin Fields",KC,"QB40","5","-","-","2 out of 5 stars","-37"
"363",14,"John Metchie III",CAR,"WR128","5","-","-","2 out of 5 stars","-76"
"364",14,"Dont'e Thornton Jr.",LV,"WR129","13","-","-","2 out of 5 stars","+91"
"365",14,"New York Giants",NYG,"DST24","8","-","-","1 out of 5 stars","-146"
"366",14,"Xavier Hutchinson",HOU,"WR130","8","-","-","3 out of 5 stars","+131"
"367",14,"Raheim Sanders",CLE,"RB104","11","-","-","3 out of 5 stars","+156"
"368",14,"Noah Fant",NO,"TE51","8","-","-","2 out of 5 stars","+121"
"369",14,"J'Mari Taylor",JAC,"RB105","7","-","-","4 out of 5 stars","-"
"370",14,"Nick Chubb",FA,"RB106","-","-","-","-","+77"
"371",14,"Jawhar Jordan",HOU,"RB107","8","-","-","4 out of 5 stars","+73"
"372",14,"Jaylin Lane",WAS,"WR131","7","-","-","2 out of 5 stars","-"
"373",14,"Tampa Bay Buccaneers",TB,"DST25","10","-","-","4 out of 5 stars","-124"
"374",14,"Anthony Richardson Sr.",IND,"QB41","13","-","-","4 out of 5 stars","+24"
"375",14,"Tutu Atwell",MIA,"WR132","6","-","-","3 out of 5 stars","-"
"376",14,"Kevin Coleman Jr.",MIA,"WR133","6","-","-","3 out of 5 stars","+65"
"377",14,"Nick Folk",ATL,"K20","11","-","-","0 out of 5 stars","-102"
"378",14,"Tennessee Titans",TEN,"DST26","9","-","-","2 out of 5 stars","-124"
"379",14,"Zane Gonzalez",MIA,"K21","6","-","-","2 out of 5 stars","-15"
"380",14,"Kalif Raymond",CHI,"WR134","10","-","-","3 out of 5 stars","-31"
"381",14,"Savion Williams",GB,"WR135","11","-","-","5 out of 5 stars","-"
"382",14,"Phil Mafah",DAL,"RB108","14","-","-","4 out of 5 stars","+98"
"383",14,"Luke Musgrave",GB,"TE52","11","-","-","2 out of 5 stars","-28"
"384",14,"Tyler Bass",BUF,"K22","7","-","-","2 out of 5 stars","-129"
"385",14,"KaVontae Turpin",DAL,"WR136","14","-","-","2 out of 5 stars","-43"
"386",14,"Nick Westbrook-Ikhine",IND,"WR137","13","-","-","4 out of 5 stars","-"
"387",14,"Tommy Tremble",CAR,"TE53","5","-","-","2 out of 5 stars","+34"
"388",14,"Kyle Juszczyk",SF,"RB109","8","-","-","2 out of 5 stars","+104"
"389",14,"Washington Commanders",WAS,"DST27","7","-","-","2 out of 5 stars","-105"
"390",14,"Ryan Fitzgerald",CAR,"K23","5","-","-","0 out of 5 stars","-61"
"391",14,"Joe Flacco",CIN,"QB42","6","-","-","3 out of 5 stars","-43"
"392",14,"Ben Sinnott",WAS,"TE54","7","-","-","1 out of 5 stars","+107"
"393",14,"Miami Dolphins",MIA,"DST28","6","-","-","3 out of 5 stars","-105"
"394",14,"Blake Grupe",IND,"K24","13","-","-","4 out of 5 stars","-108"
"395",14,"John Bates",WAS,"TE55","7","-","-","1 out of 5 stars","+101"
"396",14,"Trey Smack",GB,"K25","11","-","-","4 out of 5 stars","-74"
"397",14,"Devontez Walker",BAL,"WR138","13","-","-","4 out of 5 stars","-83"
"398",14,"Ben Sauls",NYG,"K26","8","-","-","2 out of 5 stars","-74"
"399",14,"Austin Ekeler",FA,"RB110","-","-","-","-","-95"
"400",14,"Zavion Thomas",CHI,"WR139","10","-","-","3 out of 5 stars","-31"
"401",14,"Deion Burks",IND,"WR140","13","-","-","4 out of 5 stars","-"
"402",14,"Ashton Dulin",IND,"WR141","13","-","-","4 out of 5 stars","+89"
"403",14,"Cincinnati Bengals",CIN,"DST29","6","-","-","4 out of 5 stars","-131"
"404",14,"Dameon Pierce",PHI,"RB111","10","-","-","4 out of 5 stars","-"
"405",14,"Jordan Whittington",LAR,"WR142","11","-","-","1 out of 5 stars","-58"
"406",14,"Sione Vaki",DET,"RB112","6","-","-","5 out of 5 stars","+72"
"407",14,"Charlie Kolar",LAC,"TE56","7","-","-","4 out of 5 stars","-"
"408",14,"Daniel Bellinger",TEN,"TE57","9","-","-","3 out of 5 stars","+21"
"409",14,"Rasheen Ali",BAL,"RB113","13","-","-","3 out of 5 stars","-"
"410",14,"CJ Daniels",LAR,"WR143","11","-","-","1 out of 5 stars","-23"
"411",14,"Marcus Mariota",WAS,"QB43","7","-","-","2 out of 5 stars","-"
"412",14,"Jam Miller",NE,"RB114","11","-","-","2 out of 5 stars","+189"
"413",14,"Dyami Brown",WAS,"WR144","7","-","-","2 out of 5 stars","-"
"414",14,"Mitchell Evans",CAR,"TE58","5","-","-","2 out of 5 stars","+39"
"415",14,"Joe Milton III",DAL,"QB44","14","-","-","2 out of 5 stars","-53"
"416",14,"Jameis Winston",NYG,"QB45","8","-","-","4 out of 5 stars","-89"
"417",14,"Austin Hooper",ATL,"TE59","11","-","-","3 out of 5 stars","-"
"418",14,"Greg Dortch",DET,"WR145","6","-","-","4 out of 5 stars","+14"
"419",14,"Darren Waller",FA,"TE60","-","-","-","-","-"
"420",14,"Jeremy McNichols",WAS,"RB115","7","-","-","4 out of 5 stars","-"
"421",14,"Chad Ryland",ARI,"K27","14","-","-","2 out of 5 stars","-83"
"422",14,"Daniel Carlson",LV,"K28","13","-","-","1 out of 5 stars","-"
"423",14,"Zach Ertz",FA,"TE61","-","-","-","-","-"
"424",15,"Terrell Jennings",NE,"RB116","11","-","-","2 out of 5 stars","+95"
"425",15,"Joey Slye",TEN,"K29","9","-","-","4 out of 5 stars","-3"
"426",15,"Roschon Johnson",CHI,"RB117","10","-","-","2 out of 5 stars","+19"
"427",15,"Brandon McManus",FA,"K30","-","-","-","-","+101"
"428",15,"Jake Moody",WAS,"K31","7","-","-","5 out of 5 stars","-98"
"429",15,"Malik Benson",LV,"WR146","13","-","-","2 out of 5 stars","+34"
"430",15,"Spencer Shrader",IND,"K32","13","-","-","4 out of 5 stars","-159"
"431",15,"Tommy Myers",FA,"TE62","-","-","-","-","-"
"432",15,"Roman Wilson",PIT,"WR147","9","-","-","3 out of 5 stars","-71"
"433",15,"Las Vegas Raiders",LV,"DST30","13","-","-","4 out of 5 stars","-163"
"434",15,"Demarcus Robinson",SF,"WR148","8","-","-","2 out of 5 stars","+75"
"435",15,"Jonnu Smith",FA,"TE63","-","-","-","-","-"
"436",15,"Mitch Tinsley",CIN,"WR149","6","-","-","4 out of 5 stars","-34"
"437",15,"Antonio Gibson",FA,"RB118","-","-","-","-","-"
"438",15,"Zavier Scott",MIN,"RB119","6","-","-","4 out of 5 stars","-"
"439",15,"Damien Martinez",GB,"RB120","11","-","-","4 out of 5 stars","+155"
"440",15,"Ty Chandler",NO,"RB121","8","-","-","3 out of 5 stars","-"
"441",15,"Scotty Miller",CHI,"WR150","10","-","-","3 out of 5 stars","+69"
"442",15,"Hunter Luepke",DAL,"RB122","14","-","-","4 out of 5 stars","+58"
"443",15,"Jaret Patterson",LAC,"RB123","7","-","-","3 out of 5 stars","-"
"444",15,"Adam Trautman",DEN,"TE64","10","-","-","4 out of 5 stars","+13"
"445",15,"Marquez Valdes-Scantling",DAL,"WR151","14","-","-","2 out of 5 stars","-2"
"446",15,"Josh Oliver",MIN,"TE65","6","-","-","4 out of 5 stars","-79"
"447",15,"Marlin Klein",HOU,"TE66","8","-","-","4 out of 5 stars","-"
"448",15,"Dylan Laube",LV,"RB124","13","-","-","2 out of 5 stars","-"
"449",15,"Tai Felton",MIN,"WR152","6","-","-","5 out of 5 stars","-60"
"450",15,"Tanner Koziol",JAC,"TE67","7","-","-","3 out of 5 stars","-"
"451",15,"Colbie Young",CIN,"WR153","6","-","-","4 out of 5 stars","-66"
"452",15,"Khalil Herbert",SF,"RB125","8","-","-","2 out of 5 stars","-"
"453",15,"Tyler Lockett",LV,"WR154","13","-","-","2 out of 5 stars","-"
"454",15,"Will Kacmarek",MIA,"TE68","6","-","-","5 out of 5 stars","-"
"455",15,"Cash Jones",ATL,"RB126","11","-","-","2 out of 5 stars","-"
"456",15,"Ronnie Rivers",LAR,"RB127","11","-","-","5 out of 5 stars","+61"
"457",15,"Jahdae Walker",CHI,"WR155","10","-","-","3 out of 5 stars","-100"
"458",15,"Jake Bobo",SEA,"WR156","11","-","-","3 out of 5 stars","-99"
"459",15,"Jakobie Keeney-James",PIT,"WR157","9","-","-","3 out of 5 stars","-39"
"460",15,"Robert Henry Jr.",WAS,"RB128","7","-","-","4 out of 5 stars","-"
"461",15,"Kevin Austin Jr.",NO,"WR158","8","-","-","3 out of 5 stars","-"
"462",15,"Mo Alie-Cox",IND,"TE69","13","-","-","3 out of 5 stars","+36"
"463",15,"Odell Beckham Jr.",NYG,"WR159","8","-","-","4 out of 5 stars","-154"
"464",15,"Elijah Higgins",ARI,"TE70","14","-","-","2 out of 5 stars","-67"
"465",15,"Roman Hemby",LV,"RB129","13","-","-","2 out of 5 stars","-"
"466",15,"Tim Patrick",NYJ,"WR160","13","-","-","4 out of 5 stars","-"
"467",15,"Jaydn Ott",KC,"RB130","5","-","-","3 out of 5 stars","-"
"468",15,"New York Jets",NYJ,"DST31","13","-","-","4 out of 5 stars","-91"
"469",15,"Cade Klubnik",NYJ,"QB46","13","-","-","4 out of 5 stars","-57"
"470",15,"Luke Schoonmaker",DAL,"TE71","14","-","-","2 out of 5 stars","-100"
"471",15,"Jackson Hawes",BUF,"TE72","7","-","-","3 out of 5 stars","-43"
"472",15,"Jordan Waters",LAR,"RB131","11","-","-","5 out of 5 stars","-"
"473",15,"Tyler Goodson",ATL,"RB132","11","-","-","2 out of 5 stars","+113"
"474",15,"Miles Sanders",FA,"RB133","-","-","-","-","-"
"475",15,"Donovan Edwards",MIA,"RB134","6","-","-","3 out of 5 stars","+122"
"476",15,"Nate Boerkircher",JAC,"TE73","7","-","-","3 out of 5 stars","+25"
"477",15,"Elijah Mitchell",PHI,"RB135","10","-","-","4 out of 5 stars","-"
"478",15,"Jacob Saylors",DET,"RB136","6","-","-","5 out of 5 stars","+9"
"479",15,"Xavier Smith",LAR,"WR161","11","-","-","1 out of 5 stars","-96"
"480",15,"Raheem Mostert",LV,"RB137","13","-","-","2 out of 5 stars","-"
"481",15,"Myles Montgomery",NE,"RB138","11","-","-","2 out of 5 stars","-"
"482",15,"Elijah Tau-Tolliver",BAL,"RB139","13","-","-","3 out of 5 stars","-"
"483",15,"Quinn Ewers",MIA,"QB47","6","-","-","3 out of 5 stars","-43"
"484",15,"Riley Leonard",IND,"QB48","13","-","-","4 out of 5 stars","-61"
"485",15,"Xavier Restrepo",TEN,"WR162","9","-","-","3 out of 5 stars","-"
"486",15,"Kendric Pryor",CIN,"WR163","6","-","-","4 out of 5 stars","-"
"487",15,"Derius Davis",LAC,"WR164","7","-","-","2 out of 5 stars","-"
"488",15,"Drew Sample",CIN,"TE74","6","-","-","3 out of 5 stars","+6"
"489",15,"Frank Gore Jr.",BUF,"RB140","7","-","-","2 out of 5 stars","-10"
"490",15,"Taysom Hill",FA,"TE75","-","-","-","-","-"
"491",15,"Reggie Virgil",ARI,"WR165","14","-","-","2 out of 5 stars","-21"
"492",15,"Theo Wease Jr.",MIA,"WR166","6","-","-","3 out of 5 stars","-"
"493",15,"Jeshaun Jones",MIN,"WR167","6","-","-","5 out of 5 stars","+69"
"494",16,"Jacardia Wright",SEA,"RB141","11","-","-","4 out of 5 stars","+106"
"495",16,"Michael Woods II",DEN,"WR168","10","-","-","2 out of 5 stars","-"
"496",16,"Kendrick Law",DET,"WR169","6","-","-","4 out of 5 stars","-"
"497",16,"Tanner Hudson",CIN,"TE76","6","-","-","3 out of 5 stars","-"
"498",16,"DeAndre Hopkins",BAL,"WR170","13","-","-","4 out of 5 stars","-"
"499",16,"Jordan Watkins",SF,"WR171","8","-","-","2 out of 5 stars","-"
"500",16,"Jalen Milroe",SEA,"QB49","11","-","-","4 out of 5 stars","-127"
"501",16,"Sam Roush",CHI,"TE77","10","-","-","2 out of 5 stars","-67"
"502",16,"Jared Wiley",KC,"TE78","5","-","-","4 out of 5 stars","-"
"503",16,"Jason Sanders",NYJ,"K33","13","-","-","2 out of 5 stars","-167"
"504",16,"Jimmy Horn Jr.",CAR,"WR172","5","-","-","2 out of 5 stars","-103"
"505",16,"Gardner Minshew II",ARI,"QB50","14","-","-","2 out of 5 stars","-34"
"506",16,"Brock Wright",DET,"TE79","6","-","-","3 out of 5 stars","-167"
"507",16,"Tyler Conklin",DET,"TE80","6","-","-","3 out of 5 stars","+42"
"508",16,"Tyrod Taylor",GB,"QB51","11","-","-","4 out of 5 stars","-105"
"509",16,"Jermaine Burton",FA,"WR173","-","-","-","-","-"
"510",16,"Moliki Matavao",NO,"TE81","8","-","-","2 out of 5 stars","-"
"511",16,"Trey Lance",LAC,"QB52","7","-","-","2 out of 5 stars","-81"
"512",16,"Thomas Fidone II",NYG,"TE82","8","-","-","3 out of 5 stars","-"
"513",16,"Michael Trigg",DAL,"TE83","14","-","-","2 out of 5 stars","-131"
"514",16,"Will Dissly",FA,"TE84","-","-","-","-","-"
"515",16,"Jacob Cowing",SF,"WR174","8","-","-","2 out of 5 stars","+43"